{
  "version": "0.2",
  "ignorePaths": ["package.json", "dist/*", "demo/node_modules/*"],
  "dictionaryDefinitions": [],
  "dictionaries": ["en-gb", "softwareTerms", "html", "css", "typescript"],
  "words": [
    "autopause",
    "autoplay",
    "bote",
    "cfda",
    "classname",
    "digbmx",
    "fastly",
    "fullscreen",
    "gordita",
    "loadjs",
    "magazin",
    "menuitemradio",
    "noupe",
    "otransitionend",
    "playsinline",
    "plyr",
    "rutheneum",
    "seektime",
    "selz",
    "sparkk",
    "srclang",
    "strol",
    "stylelint",
    "unmute",
    "videospiele",
    "xywh"
  ],
  "ignoreWords": [],
  "import": []
}
